﻿{"cameraMode":{"drawMode":0,"name":"Shaded","section":"Shading Mode"},"sceneLighting":true,"audioPlay":false,"sceneViewState":{"showFog":false,"showMaterialUpdate":false,"showSkybox":false,"showFlares":false,"showImageEffects":false,"showParticleSystems":true},"in2DMode":false,"pivot":{"x":1.2548576593399048,"y":-11.907438278198243,"z":122.5750732421875},"rotation":{"x":0.34303733706474306,"y":-0.651701807975769,"z":0.424051433801651,"w":0.5270736217498779},"size":645.1021118164063,"orthographic":true}